30072029;PANTALON TNF
30072041;VINCHA TNF
30073630;MALETA CAT
30075210;CINTA ADOC
30075211;CINTA ADOC
30075212;CINTA ADOC
30075213;CINTA ADOC
30075214;CINTA ADOC
30075215;CINTA ADOC
30076137;PIEDRAS DECORATIVAS ADOC
30076140;TARJETERO ADOC
30076368;CALZADOR ADOC
30076369;CALZADOR ADOC
30076482;CINTA ADOC
30076483;CINTA ADOC
30076804;CINTA ADOC
30076805;CINTA ADOC
30076806;CINTA ADOC
30076807;CINTA ADOC
30076808;CINTA ADOC
30077215;SUDADERA TNF
30077217;SUDADERA TNF
30077240;SOMBREROTNF
30077241;SOMBREROTNF
30077243;SOMBREROTNF
30077248;SUDADERA TNF
30077251;TSHIRT TNF
30077266;TSHIRT TNF
30077274;TSHIRT TNF
30077278;TSHIRT TNF
30077307;TSHIRT TNF
30077314;CHAQUETA TNF
30077325;MOCHILA TNF
30077343;MOCHILA TNF
30077346;CUBRECUELLO  TNF
30077348;MOCHILA TNF
30077355;TSHIRT TNF
30077358;CAMISA TNF
30077359;CAMISA TNF
30077360;CHAQUETA TNF
30077365;CHAQUETA TNF
30077366;SHORT TNF
30077367;CAMISA TNF
30077368;CAMISA TNF
30077385;CAMISA TNF
30077390;CAMISA TNF
30077406;PANTALON TNF
30078240;TARJETERO ADOC
30078245;TARJETERO ADOC
30078704;VINCHA TNF
30078707;BALACLAVA TNF
30078709;BALACLAVA TNF
30078710;BOLSO DE HIDRATACIÓN TNF
30078711;RIÑONERA TNF
30078712;CHALECO DEPORTIVO TNF
30079298;LAPICEROS ADOC
30079299;LAPICEROS ADOC
30079300;LAPICEROS ADOC
30079301;NOTAS ADHESIVAS ADOC
30079303;KIT PARA CELULAR ADOC
30079306;CINTA ADOC
30079560;CADENA DECORATIVA ADOC
30079561;ACCESORIO DECORATIVO ADOC
30080177;CUBRECUELLO TNF
30080178;CUBRECUELLO TNF
30080210;CHALECO DEPORTIVO TNF
30080211;CHALECO DEPORTIVO TNF
30080212;CHALECO DEPORTIVO TNF
30080244;ESTUCHE ADOC
30080245;ESTUCHE ADOC
30080696;CINTA ADOC
30080697;CINTA ADOC
30080698;CINTA ADOC
30080699;CINTA ADOC
30080700;CINTA ADOC
30080701;CINTA ADOC
30080702;CINTA ADOC
30080703;CINTA ADOC
30080730;CALCETIN TNF
30080731;CALCETIN TNF
30080732;CALCETIN TNF
30080733;CALCETIN TNF
30081855;ROPA INTERIOR CAT
30081856;ROPA INTERIOR CAT
30081868;TARJETERO ADOC
30081869;TARJETERO ADOC
30081870;TARJETERO ADOC
30081871;TARJETERO ADOC
30081872;TARJETERO ADOC
30081873;PORTA PASAPORTE ADOC
30081874;PORTA PASAPORTE ADOC
30081875;PORTA PASAPORTE ADOC
30081876;COSMETIQUERA ADOC
30081877;COSMETIQUERA ADOC
30081878;COSMETIQUERA ADOC
30082036;GANCHO PARA CABELLO ADOC
30082037;GANCHO PARA CABELLO ADOC
30082038;GANCHO PARA CABELLO ADOC
30082041;SET DE COLAS ADOC
30082042;GANCHO PARA CABELLO ADOC
30082043;GANCHO PARA CABELLO ADOC
30082044;GANCHO PARA CABELLO ADOC
30082045;GANCHO PARA CABELLO ADOC
30082046;GANCHO PARA CABELLO ADOC
30082047;GANCHO PARA CABELLO ADOC
30082048;GANCHO PARA CABELLO ADOC
30082051;CORREA PARA CELULAR ADOC
30082052;CORREA PARA CELULAR ADOC
30082053;CORREA PARA CELULAR ADOC
30082054;CORREA PARA CELULAR ADOC
30082055;TARJETERO ADOC
30082056;TARJETERO ADOC
30082057;TARJETERO ADOC
30082058;TARJETERO ADOC
30082059;TARJETERO ADOC
30082060;TARJETERO ADOC
30082061;TARJETERO ADOC
30082062;TARJETERO ADOC
30082063;TARJETERO ADOC
30082064;TARJETERO ADOC
30082065;TARJETERO ADOC
30082066;TARJETERO ADOC
30082067;TARJETERO ADOC
30082068;CARTERA DE SILICONA ADOC
30082069;CARTERA DE SILICONA ADOC
30082070;CARTERA DE SILICONA ADOC
30082071;CARTERA DE SILICONA ADOC
30082072;CARTERA DE SILICONA ADOC
30082073;CINTA ADOC
30082074;CINTA ADOC
30082075;CINTA ADOC
30082076;CINTA ADOC
30082100;GANCHO PARA CABELLO ADOC
30082101;GANCHO PARA CABELLO ADOC
30082476;LLAVERO METALICO ADOC
30082477;LLAVERO METALICO ADOC
30082478;LLAVERO METALICO ADOC
30082479;LLAVERO METALICO ADOC
30082480;LLAVERO METALICO ADOC
30082481;LLAVERO METALICO ADOC
30082482;CORREA PARA CARTERA ADOC
30082483;CORREA PARA CARTERA ADOC
30082484;CORREA PARA CARTERA ADOC
30082485;CORREA PARA CARTERA ADOC
30082486;TARJETERO ADOC
30082487;TARJETERO ADOC
30082488;TARJETERO ADOC
30082489;TARJETERO ADOC
30082490;TARJETERO ADOC
30082491;PORTA PASAPORTE ADOC
30082492;PORTA PASAPORTE ADOC
30082493;PORTA PASAPORTE ADOC
30082494;COSMETIQUERA ADOC
30082495;COSMETIQUERA ADOC
30082496;COSMETIQUERA ADOC
30082497;LLAVERO METALICO ADOC
30082498;LLAVERO METALICO ADOC
30082499;LLAVERO METALICO ADOC
30082500;LLAVERO METALICO ADOC
30082501;LLAVERO METALICO ADOC
30082502;ESTUCHE PARA AUDIFONOS ADOC
30082503;ESTUCHE PARA AUDIFONOS ADOC
30082504;ESTUCHE PARA AUDIFONOS ADOC
30082505;ESTUCHE PARA AUDIFONOS ADOC
30082506;ESTUCHE PARA AUDIFONOS ADOC
30082507;ESTUCHE PARA AUDIFONOS ADOC
30082508;ESTUCHE PARA LAPICES ADOC
30082509;ESTUCHE PARA LAPICES ADOC
30082510;ESTUCHE PARA LAPICES ADOC
30082511;ESTUCHE PARA LAPICES ADOC
30082512;ESTUCHE PARA LAPICES ADOC
30082513;ESTUCHE PARA LAPICES ADOC
30082514;GANCHO PARA CABELLO ADOC
30082515;GANCHO PARA CABELLO ADOC
30082590;GORRA HPU
30082591;GORRA HPU
30082730;BILLETERA HPU
30082731;BILLETERA HPU
30082732;BILLETERA HPU
30082733;BILLETERA HPU
30082734;BILLETERA HPU
30082735;BILLETERA HPU
30082736;BILLETERA HPU
30082737;BILLETERA HPU
30082738;BILLETERA HPU
30082739;BILLETERA HPU
30082740;BILLETERA HPU
30082751;BALACLAVA TNF
30082752;BALACLAVA TNF
30082753;BALACLAVA TNF
30082756;VINCHA TNF
30082757;VINCHA TNF
30082758;VINCHA TNF
30082768;VINCHA TNF
30082773;CUBRECUELLO TNF
30083085;LAPICEROS ADOC
30083086;LAPICEROS ADOC
30083087;LAPICEROS ADOC
30083088;LAPICEROS ADOC
30083089;BORRADOR ADOC
30083090;COLA ADOC
30083091;COLA ADOC
30083092;GANCHO PARA CABELLO ADOC
30083093;GANCHO PARA CABELLO ADOC
30083094;GANCHO PARA CABELLO ADOC
30083212;BILLETERA PAR2
30083213;BILLETERA PAR2
30083214;BILLETERA PAR2
30083225;COSMETIQUERA PAR2
30083226;COSMETIQUERA PAR2
30083229;LONCHERA PAR2
30083230;LONCHERA PAR2
30083599;LONCHERA PAR2
30083600;LONCHERA PAR2
30083601;LONCHERA PAR2
30083602;PORTALAPTOP PAR2
30083603;PORTALAPTOP PAR3
30083604;PORTALAPTOP PAR4
30083605;COSMETIQUERA PAR2
30083606;COSMETIQUERA PAR2
30083608;PORTALAPTOP PAR2
30083609;LONCHERA PAR2
30083610;LONCHERA PAR2
30083825;ADORNOS PLASTICOS PAR2
30083826;ADORNOS PLASTICOS PAR2
30083827;ADORNOS PLASTICOS PAR4
30083828;ADORNOS PLASTICOS PAR5
30083829;ADORNOS PLASTICOS PAR6
30083830;ADORNOS PLASTICOS PAR7
30084186;BILLETERA PAR2
30084187;BILLETERA PAR2
30084188;BILLETERA PAR2
30084189;CALZADOR PAR2
30084190;CALZADOR PAR2
30084344;GAFAS ADOC
30084345;GAFAS ADOC
30084346;GAFAS ADOC
30084347;TARJETERO ADOC
30084348;TARJETERO ADOC
30084349;TARJETERO ADOC
30084350;TARJETERO ADOC
30084351;TARJETERO ADOC
30084352;TARJETERO ADOC
30084353;TARJETERO ADOC
30084354;TARJETERO ADOC
30084355;TARJETERO ADOC
30084356;TARJETERO ADOC
30084357;TARJETERO ADOC
30084358;TARJETERO ADOC
30084359;TARJETERO ADOC
30084360;TARJETERO ADOC
30084361;TARJETERO ADOC
30084362;TARJETERO ADOC
30084363;TARJETERO ADOC
30084364;TARJETERO ADOC
30084365;TARJETERO ADOC
30084366;TARJETERO ADOC
30084367;TARJETERO ADOC
30084368;TARJETERO ADOC
30084369;TARJETERO ADOC
30084370;TARJETERO ADOC
30084371;TARJETERO ADOC
30084372;TARJETERO ADOC
30084373;TARJETERO ADOC
30084374;TARJETERO ADOC
30084375;TARJETERO ADOC
30084376;TARJETERO ADOC
30084377;TARJETERO ADOC
30084379;LLAVERO ADOC
30084380;LLAVERO ADOC
30084381;LLAVERO ADOC
30084382;LLAVERO ADOC
30084386;GAFAS ADOC
30084389;CORREA ADOC
30084390;CORREA ADOC
30084392;GANCHO PARA CABELLO ADOC
30084393;GANCHO PARA CABELLO ADOC
30084394;GANCHO PARA CABELLO ADOC
30084395;GANCHO PARA CABELLO ADOC
30084416;LAPICEROS ADOC
30084417;LAPICEROS ADOC
30084418;LAPICEROS ADOC
30084419;LAPICEROS ADOC
30084421;COLA ADOC
30084422;COLA ADOC
30084423;GANCHO PARA CABELLO ADOC
30084424;GANCHO PARA CABELLO ADOC
30086753;TARJETERO ADOC
30086875;LLAVERO METALICO CAT
30086876;LLAVERO METALICO CAT
30073632;COSMETIQUERA CAT
30073631;COSMETIQUERA CAT
30080232;COSMETIQUERA CAT
30080233;COSMETIQUERA CAT
30080234;CARTERA PLASTICA ADOC
30080235;CARTERA PLASTICA ADOC
30075041;CINTAS PARA CALZADO CATERPILLAR
30078324;COBERTOR PARA MOCHILA TNF
30072667;GUANTES TNF
30068076;GORRA TNF
30078745;SHORT TNF
30071999;GUANTES TNF
30083588;GAFAS DE SOL
30083597;GAFAS DE SOL
30083596;GAFAS DE SOL
30083595;GAFAS DE SOL
30083589;GAFAS DE SOL
30083590;GAFAS DE SOL
30083591;GAFAS DE SOL
30083598;GAFAS DE SOL
30083584;GAFAS DE SOL
30083583;GAFAS DE SOL
30083582;GAFAS DE SOL
30083581;GAFAS DE SOL
30083594;GAFAS DE SOL
30083593;GAFAS DE SOL
30083592;GAFAS DE SOL
30083585;GAFAS DE SOL
30083587;GAFAS DE SOL
30083586;GAFAS DE SOL
30061921;IMPERMEABILIZADOR COY
30057562;ESPUMA PROTECTORA COY
30005101;IMPERMEABILIZADOR COY
30005104;ESPONJA DE LUSTRADO COY
30012657;SPRAY IMPERMEABILIZADOR COY
30010672;SPRAY IMPERMEABILIZADOR COY
30057565;BETUN PARA CALZADO COY
30057567;BETUN PARA CALZADO COY
30057563;SPRAY PROTECTOR COY
30005105;IMPERMEABILIZADOR COY
30057564;LIMPIADOR PARA ZAPATILLAS COY
30057561;SPRAY IMPERMEABILIZADOR COY
30033850;SPRAY IMPERMEABILIZADOR COY
30077871;SPRAY NEUTRALIZADOR DE OLORES
30072588;GUANTES TNF
30078113;GUANTES TNF
30005103;IMPERMEABILIZADOR COY
30082618;ESPUMA PROTECTORA COY
30081232; TENNIS CON ROLLER ADOC
30081233; TENNIS CON ROLLER ADOC
30081234; TENNIS CON ROLLER ADOC
30082104; TENNIS CON ROLLER ADOC
30081235; TENNIS CON ROLLER ADOC
30079519; TENNIS CON ROLLER ADOC
30084134; TENNIS CON ROLLER ADOC
30084137; TENNIS CON ROLLER ADOC
30084472; TENNIS CON ROLLER ADOC
30084473; TENNIS CON ROLLER ADOC
30084481; TENNIS CON ROLLER ADOC
30084940; TENNIS CON ROLLER ADOC
30084941; TENNIS CON ROLLER ADOC
30084945; TENNIS CON ROLLER ADOC
30084946; TENNIS CON ROLLER ADOC
30086455; TENNIS CON ROLLER ADOC
30086456; TENNIS CON ROLLER ADOC
30086457; TENNIS CON ROLLER ADOC
30086463; TENNIS CON ROLLER ADOC
30086479; TENNIS CON ROLLER ADOC
30086480; TENNIS CON ROLLER ADOC
30086822; TENNIS CON ROLLER ADOC
30086823; TENNIS CON ROLLER ADOC
30086826; TENNIS CON ROLLER ADOC
30087045; TENNIS CON ROLLER ADOC
30087378; TENNIS CON ROLLER ADOC
30088729;BOLSO DE VIAJE
